,N_MLUNG_1,N_MLUNG_2,N_MLUNG_3,N_MLUNG_4,N_MLUNG_5,T_MLUNG_1,T_MLUNG_2,T_MLUNG_3,T_MLUNG_4,T_MLUNG_5,T_MLUNG_6,T_MLUNG_7
EAM103,-0.39961562473144874,-2.2089962667279215,-0.9412372147433273,1.2774536359077397,0.7338068716914137,0.5870942515469417,-0.9403371373191283,0.1939854365279333,0.22863841735960425,1.2142231968577444,-0.07086234554268611,0.3258467791731188
EAM105,0.4120754003697815,0.9170600430108485,1.2136307202355365,1.7028046482588093,0.5553300570582823,-0.14337576569777913,-0.49122745770805976,-0.4641575978321399,-1.5498905499292368,-0.014654190122604584,-0.8004467066269811,-1.337148601016471
EAM109,0.9988474740022866,-0.8619584231262029,1.471541489868158,1.4495380766095547,-0.8619584231262029,-0.8619584231262029,-0.8619584231262029,-0.24206915994415268,-0.11213521096015643,1.2865990077376503,-0.5425295616823315,-0.8619584231262029
EAM111,0.619126919627068,-0.06114328045220751,2.241480958774101,1.071690495592882,-0.8074368247308217,0.44814658396111634,-0.9485846539133911,-1.1091458753746977,0.073058472593933,0.11313198876564191,-1.0368532522009377,-0.6034715326426459
EAM115,0.09145672981381714,0.16748634574430257,0.7775227907250141,1.919091728142827,0.7176888326258731,0.42009361997488315,-1.7001879177788677,-0.7608397635607856,-0.1879183677769068,0.1906551340308098,-1.5614001277519138,-0.07364900418907715
EAM119,0.3365403250052182,0.22304663226341154,0.5338932462729136,1.8422233153798457,0.7241002683679784,0.47882778794263126,-1.738292517119058,-0.17943562995984427,-0.013398560948682213,-0.7054999131686254,-1.6796541092024604,0.17764915516669036
EAM121,1.0943342494210628,0.541476082937828,1.0910751712692346,1.3396539503043003,0.29319358373475163,-0.688381499630177,-0.5923868340671744,-0.874445234116499,-1.0036232408617765,0.8744946140885033,-0.35832576679935124,-1.7170650762806552
EAM131,1.2743055159370926,-1.851842211374133,0.35964506740341584,1.3665064961399016,-0.1000235875207392,0.13214917059865497,-0.5573538117875761,0.589813456387968,-0.4621462778825027,1.0200846973344158,-0.41571172625862207,-1.355426788977843
EAM139,1.3977095294553814,-0.39013465010471565,0.5314292858557664,1.4732808153431693,-0.9026499815786094,0.07774797560994769,-0.06832269778390045,-1.682454357769718,-0.06451877399760222,0.7018450714819195,0.38814815657187274,-1.4620803730835161
EAM145,0.42437929189887813,0.9245238856353502,0.4668120209994102,1.9737979147905338,-0.4601559066306937,0.7326405885998329,-0.16967891550863773,-1.8956925727451786,-0.44673967610626286,-0.15470265817903817,-1.074182457144348,-0.32100151560981866
EAM152,2.861725930146995,-0.4583672382326293,-0.5307977891581048,0.6206938630017793,-0.5307977891581048,-0.5307977891581048,-0.5307977891581048,-0.5307977891581048,0.38953253026090523,0.30199943892969205,-0.5307977891581048,-0.5307977891581048
EAM238,1.0696205986386744,0.28684135394754406,0.41800796688457975,1.1162040237727173,1.2700435639974053,-0.8749581540174546,-0.745397209548936,-0.998645398218731,-0.8299359717421273,1.3038387600244872,-1.0339764510417853,-0.981643082696374
EAM270,0.8107771422486204,1.0632852120004823,0.9886772625327795,1.6870945914333646,0.18537419496303087,-0.5331800368035968,-1.4040069203867367,-0.025411371008832777,0.03441985837012178,-1.2171538461664548,-0.37585142879985417,-1.214024658382955
EAM159,-0.6084963001560711,-0.4801999721459118,0.8118802784817499,1.083017927942527,-0.4979859695595203,0.20059530959539817,-1.1904804851551163,2.01131524480387,0.5341552225714898,-0.19341064496116261,-1.5762653564627183,-0.09412525495453421
EAM163,1.520316399636369,0.28359229617996895,1.2411545593110536,1.4976278660357836,0.5845138997245567,-0.6354923368682539,-0.4988304093325723,-1.1306728997380784,-0.9161932823968844,-0.13103733833362932,-1.063124756720199,-0.75185399749815
EAM171,0.0,0.0,0.0,0.0,0.0,0.0,0.0,0.0,0.0,0.0,0.0,0.0
EAM183,-0.04933583959719883,-0.12708792115447937,2.368639194079519,0.9850918362528412,-0.18344247693018786,0.25585541835945547,-1.5295066131420554,-0.11579516185559166,-0.1972477727599063,0.17374736314274883,-1.3516627230468656,-0.2292553033482897
EAM184,0.9370964542123954,0.32649042902142306,0.9447545565350249,1.7177123509657353,0.3063240929051677,-0.4206850875897699,-0.7706603637339269,-0.7734683345855555,-0.7407937646756698,0.7456438961466662,-0.42119562774461067,-1.8512186014569112
EAM186,1.6321586533324632,-0.1572761447848688,0.9418113859151579,1.2540397341886496,1.1115958029710604,-0.6412027441229425,-1.0338121207610627,-1.183637983154995,0.0978105880865538,-0.2513274160686541,-0.6663559910941866,-1.1038037645071337
EAM189,0.7755414654925838,0.6159279858390814,0.8613564693823355,1.6820003750380947,0.6523417074330352,-0.6024751386946434,0.19547088050088524,-1.4623244845998944,-1.3573315873373248,0.23528321611027567,-0.402927944359771,-1.1928629448046288
EAM191,0.0,0.0,0.0,0.0,0.0,0.0,0.0,0.0,0.0,0.0,0.0,0.0
EAM192,1.2673344075898576,1.0834918732388363,0.018214137497123847,1.4442549830852878,0.9263986036178936,-0.05358652046256137,-0.07904525049074891,-1.5582326615294622,-1.2061513305866332,-0.2994920418408247,-0.5445763138633398,-0.9986098862554561
EAM198,3.1754264805429164,-0.28867513459483923,-0.28867513459483923,-0.28867513459483923,-0.28867513459483923,-0.28867513459483923,-0.28867513459483923,-0.28867513459483923,-0.28867513459483923,-0.28867513459483923,-0.28867513459483923,-0.28867513459483923
EAM202,-0.45910428112893464,-0.45910428112893464,-0.45910428112893464,-0.45910428112893464,-0.45910428112893464,-0.45910428112893464,-0.45910428112893464,2.694217228730323,-0.41583496699560896,0.022758535355840038,-0.45910428112893464,1.3716934519409156
EAM209,1.2894924348199932,-1.05510703567797,-0.16271313069749926,1.605550919869618,0.31248357401746363,0.6156039924276306,0.5048911078985531,-1.168869607343494,-1.477645809170338,0.3841974291047475,0.22080813040073027,-1.0686920056494025
EAM221,-0.2886751345948093,-0.2886751345948093,-0.2886751345948093,3.175426480542945,-0.2886751345948093,-0.2886751345948093,-0.2886751345948093,-0.2886751345948093,-0.2886751345948093,-0.2886751345948093,-0.2886751345948093,-0.2886751345948093
EAM223,0.9519650067663299,-1.8930790961523878,-0.10518746440057279,2.041965493132011,-0.5800442773752403,0.6904726610547238,-0.7591582299141832,0.3499236315725834,0.44422327071063966,-0.048127878448544555,-0.647548794002839,-0.4454043229425069
EAM224,1.5434071299669643,-0.08864975750648171,1.4063610577039114,0.7784892916556995,1.1359562514449757,-0.7671199986652679,-1.6352833084572171,-0.40596570060882387,-0.05198122696076224,-0.40555599635691736,-0.7265592777264274,-0.7830984644896587
EAM225,1.1230294881203404,-1.160667205315,0.5033916480926623,1.2143035161945914,0.1700876129900542,-0.7205007688041112,-1.160667205315,-0.28628252738120624,0.5823590656400492,1.5878091456849592,-1.160667205315,-0.6921955645923209
EAM226,1.1034554476163112,0.5055012058400324,0.37730638827917373,1.6726577319969862,0.7854544752182976,-0.3700283238757751,0.22662883711573867,-1.7393132723251414,-0.9798076188064888,0.19614743867377896,-0.5913967778088611,-1.1866055319240523
EAM227,1.8055336170696135,0.07896929235873237,0.029002817632142446,2.0232093485517857,-0.1664106231302653,-0.4397420814118589,-0.5649056270141073,-1.492253714885324,-0.06054106281847915,0.05547020771008843,-0.4587887079165487,-0.8095434661457789
EAM234,0.8846584344605858,0.17079525512328364,0.46265300380073365,2.158345266151185,0.8095877425345043,-0.5157809222911376,-0.3369693244370512,-1.2642244036044397,-0.7230112410418634,0.17092100167592336,-0.4187045836530542,-1.398270228718684
EAM235,-0.2886751345948133,-0.2886751345948133,-0.2886751345948133,3.1754264805429413,-0.2886751345948133,-0.2886751345948133,-0.2886751345948133,-0.2886751345948133,-0.2886751345948133,-0.2886751345948133,-0.2886751345948133,-0.2886751345948133
EAM236,1.7199694886815402,0.08865604232989996,0.8382698257486426,0.8277029553875085,0.07174904975208789,-0.44814097201563197,-1.9480025510747838,0.4337700283244896,0.6825141566255479,-0.671313274042751,-1.1639407702787505,-0.43123397943781994
EAM241,1.5132636761155922,-0.7321173289264102,-0.4402402582064375,-0.5868423825694601,1.892428223388758,-0.375208535908913,-0.7321173289264102,-0.625534725977249,-0.328553124464692,1.4913141937074799,-0.34427507930585144,-0.7321173289264102
EAM242,1.7733073600691753,0.42165280960259033,-0.9357513652279141,1.4084526254330212,0.7963640431483228,-1.001954182903903,-0.6030945270297077,-1.057971951706662,-0.45294719364049413,0.6005482648114034,0.10936606915084404,-1.057971951706662
EAM243,1.4927018820461366,-0.5786813088059543,-0.5786813088059543,-0.27066651989578994,2.0310952516314233,-0.5786813088059543,-0.5786813088059543,-0.5786813088059543,-0.5786813088059543,1.376319856665859,-0.5786813088059543,-0.5786813088059543
EAM245,0.0791593217016456,-0.574209541266571,-0.7731227086194298,0.7654097490690109,0.6915277154808053,1.4108626798670632,-1.1754144409595997,0.9322532425017139,0.18977939946420497,1.0463238547999871,-1.6633606188333483,-0.9292086532055002
EAM249,0.4167465831295487,0.6215329635539452,0.3040650819390917,1.8597696834679636,1.0383845294485803,-0.7478622242053636,-1.143857214103256,-1.3706199866852953,-0.0880105513956547,0.7942646063726091,-0.7828564792334565,-0.901556992288745
EAM254,0.0,0.0,0.0,0.0,0.0,0.0,0.0,0.0,0.0,0.0,0.0,0.0
EAM257,-0.4760662170475556,-0.3301687289548524,0.8063288714239266,2.363612360207412,0.851914009334437,0.08548256974015252,-0.48245314571084086,-0.9906522930758093,-0.6930965577039101,-1.2337312839667411,-0.4368680078003306,0.535698423554116
EAM258,1.252156984007393,0.37389600818499347,-0.7351970138485489,2.032039540135043,-0.4431761553877848,0.02068633747460821,-1.110940289070023,-1.4921795653917613,0.353744004150687,0.43636722069134354,0.11082075551895942,-0.7982178264649258
EAM259,1.802392699241552,0.00897634308713117,1.2344608969350832,1.219072880214285,0.7228093409685673,-0.8642936058181234,-0.669663690627297,-0.3727319605704277,-0.9336821626980158,-0.15359520393536852,-0.9688751268650251,-1.024870409932371
EAM273,1.0469533676488672,0.6367821350161508,0.005979967825110446,2.23896317423574,-0.17127996185536093,-0.5487150925635057,-0.8601583987570328,-0.6701158007060143,-0.08628734167341047,0.6312568352733259,-1.3219452841597155,-0.901433600284155
EAM288,1.0964955431430712,-0.6510820282806352,0.38775661737411,1.4066175967662646,0.5148020887627769,-0.6645045228008143,0.6582354895074749,-1.2891187445421441,-1.2380820502619303,1.1163171338879854,-0.048318379014014826,-1.2891187445421441
EAM293,-0.28867513459480865,-0.28867513459480865,-0.28867513459480865,-0.28867513459480865,-0.28867513459480865,-0.28867513459480865,-0.28867513459480865,-0.28867513459480865,-0.28867513459480865,3.1754264805429453,-0.28867513459480865,-0.28867513459480865
EAM297,0.989502421588897,1.0528451645962487,0.60302309799509,1.6616885230829976,0.739564360456742,-0.3174399787131387,-0.5112333358160512,-1.6036298789459835,-0.6610632856219014,-0.019662643141864288,-0.9722511215046972,-0.9613433239763332
EAM301,0.0,0.0,0.0,0.0,0.0,0.0,0.0,0.0,0.0,0.0,0.0,0.0
EAM304,-0.4076008466522801,-0.8750003073413791,-0.4866310009987082,0.054060451014965726,-2.3406314733593434,1.165699123702991,-0.3439594022280947,1.1894342525661095,1.0287656879542306,0.149261792059342,0.46407828148553637,0.40252344179656996
EAM306,0.17729075100943803,-0.06884367993356522,-0.9125120124111598,1.9446082058936902,0.4298752456563994,0.3744046978023668,-0.37999475301245833,-2.2536092577379234,0.35763453217207836,0.7319962295497506,-0.03091730535429862,-0.36993265363428574
EAM307,0.9809105429747871,-0.3353744503220385,-0.19534413188620717,1.3075009392007217,0.23797803461207861,-0.13999356507141322,-0.6081579210387714,-2.525360422583855,0.6285192849268185,0.9551096811527513,-0.1585172607385154,-0.14727073122634693
EAM308,1.1770626866493596,-0.6394574499297907,-0.6394574499297907,0.4614090794028529,1.5324861334187365,-0.6394574499297907,-0.6394574499297907,-0.6394574499297907,-0.6394574499297907,1.9447016999673772,-0.6394574499297907,-0.6394574499297907
EAM309,-0.28867513459481203,-0.28867513459481203,-0.28867513459481203,3.175426480542942,-0.28867513459481203,-0.28867513459481203,-0.28867513459481203,-0.28867513459481203,-0.28867513459481203,-0.28867513459481203,-0.28867513459481203,-0.28867513459481203
EAM310,1.3230881323541879,0.7506717729155742,0.8178509259121481,1.211987844995049,0.8859911540588872,-0.8946888841678841,-0.7200615293827995,-1.2372160676868935,-0.5721520637723188,0.5604750006978079,-0.9849338407684318,-1.1410124451553205
EAM247,0.0,0.0,0.0,0.0,0.0,0.0,0.0,0.0,0.0,0.0,0.0,0.0
EAM251,0.0,0.0,0.0,0.0,0.0,0.0,0.0,0.0,0.0,0.0,0.0,0.0
EAM253,1.2450045214180279,0.5328574124338176,1.1214238953996554,1.5081175753295466,-0.05350882199757044,-0.5859689673348896,-1.0406869977882465,-0.8725513389472275,0.24499156250971588,-0.05479230030933259,-0.21944423230413782,-1.825442308409364
EAM275,-0.905269960808772,-1.8041130088767274,0.3262929727477143,-0.5490617899077662,-1.3876120738460613,1.2332736945018807,0.17685569232818588,0.15743624375881574,1.1585550542921166,0.4731409933579929,-0.08059071156288417,1.2010928940154966
EAM246,0.4726119485908574,-1.5078200379312665,-0.4542096354630827,1.2637554612789996,0.571797297313439,0.807362500529571,-1.4175239421602372,-1.6175321335701602,0.5540187914103345,0.7832679464766796,0.3874622624233567,0.15680954110150244
EAM250,0.40904550127074274,-0.49977483473039475,-0.5758704047288087,-0.9838342800045933,0.25889036314677955,0.7513483161465564,-0.9838342800045933,-0.9838342800045933,0.3158984155870642,2.0139239775583864,1.261875785768029,-0.9838342800045933
EAM252,0.0,0.0,0.0,0.0,0.0,0.0,0.0,0.0,0.0,0.0,0.0,0.0
EAM305,-0.9792886119090342,-0.9900551790529775,-0.49359000811806797,0.37203791200999903,-1.6590097277731801,1.28026310252386,-0.6533756523225274,1.3657023380032738,1.2884195927844238,0.025998812705546857,-0.12244931003672965,0.5653467311853775
EAM303,1.0684537838681052,0.6960004771137813,1.4614031515767878,1.4791169418133605,0.6361074627955692,-0.7744666941791727,-0.7445294612557921,-1.1834883124009337,-0.6701964619122689,-0.1911358154881004,-0.7744574199434471,-1.0028076519878923
EAM300,0.7654097092191117,-0.5013274392245037,0.35174146837618125,2.877418060440734,-0.5013274392245037,-0.5013274392245037,-0.5013274392245037,-0.5013274392245037,-0.5013274392245037,0.01605027576000633,-0.5013274392245037,-0.5013274392245037
EAM299,0.542077763134141,1.0074662510118948,0.9577137767400362,1.725140354135148,0.8134529543448943,-0.35962711231186684,-0.9234528990708506,-1.5629750469001118,-0.6100870466345136,-0.07614477392851896,-1.0631335044139272,-0.4504307161063208
EAM298,1.695989589972327,0.18738238256555592,-0.049627263432711115,-2.491796832139998,0.8073959204401636,0.10606913169675421,-0.16713107103289118,-0.7270836849703167,-0.08135175146106904,0.2905639698422545,0.7015962928892808,-0.27200668436935665
EAM295,0.8651563339540103,-0.48939408636833515,2.7268532589426293,0.8125371844183696,-0.48939408636833515,-0.48939408636833515,-0.48939408636833515,-0.48939408636833515,-0.48939408636833515,-0.48939408636833515,-0.48939408636833515,-0.48939408636833515
EAM292,-0.28867513459481253,-0.28867513459481253,-0.28867513459481253,3.175426480542942,-0.28867513459481253,-0.28867513459481253,-0.28867513459481253,-0.28867513459481253,-0.28867513459481253,-0.28867513459481253,-0.28867513459481253,-0.28867513459481253
EAM282,0.6313651148843943,0.8974844237849673,0.9384326377768667,1.6776164278760823,0.6222120789911171,-0.5386605705239907,0.20680691496955958,-1.3596526245134621,-1.0549014128058907,0.116855494802974,-0.8227413097545393,-1.3148171754880784
EAM281,1.1442574377993462,0.48272140579197204,0.5394111082515264,1.1112274871927459,1.1313734145130845,-0.24815409699237984,0.36910774590402057,-1.2966793375253134,-1.3259612086304562,0.3880823983801522,-0.8089604923980643,-1.4864258622866362
EAM280,-0.08397625924391797,0.6125271703997727,0.6411790029588621,2.093940013043821,0.39933491629232626,0.14410740783831963,-0.48792939854741607,-1.0860364032184393,-0.19217462693416976,0.6660608575496522,-1.5531366734909866,-1.1538960066478643
EAM279,1.254691144699444,0.7858072980986893,-0.4793910476450282,1.8803949668859963,0.8118126206832644,-0.0302082030022915,-0.09443346938541751,-1.2221188214621963,-0.06961020691832054,-0.6685206664419718,-1.280827807297077,-0.8875958082150983
EAM278,-0.28757735324684286,-0.08368021100350259,1.608295347539405,1.1355011255860623,-0.33700696348765125,0.6978019269036959,-0.3187180076985527,-1.8839066159737854,0.37650946033843236,0.947174310568578,-0.8157327386698927,-1.038660280855942
EAM277,0.8656495409447698,0.9308956440012793,-0.2804272954667019,-0.01636845953642838,-1.5935478198081872,0.7696592008459245,0.9896512970155181,-0.9311803128627797,-0.21723080821301294,1.4289522840870996,-1.3879030342583496,-0.5581502367491227
EAM276,1.1919907072965241,-0.05105522332077758,0.8508697171124461,-1.2140979881729816,1.212056647895587,0.1701913165312331,0.19468739985996056,-1.4048547221796615,-0.37680101226661117,1.2547944954052803,-0.4229266159813402,-1.4048547221796615
EAM272,0.8847052798372099,0.23212276611577334,-1.4458879589844105,1.3084122167789045,0.9503326853654498,-0.03202754113538835,0.5528767106350484,-1.9561410369664736,0.41916087187125806,-0.4746023571664588,0.4236727560013213,-0.8626243923521759
EAM271,0.7079580160541834,1.2032234555907644,0.9028377069206942,1.7468861693491657,0.3612722083785751,-0.5445634408064142,-1.2779434695143304,-0.16157967746444535,-0.03671470997215894,-1.268586663164781,-0.5385944436523897,-1.094195151718837
EAM268,0.3312738621199417,0.7142370157870119,-1.0217305009651199,1.3206366278031614,1.4008953999817768,0.3461365977085735,0.43630386027960416,-1.8500802977714979,0.003798254650439667,-0.02047754681099639,-0.3221910792602115,-1.3388021935225867
EAM264,0.569341635056594,1.285216343766984,0.4626715625666353,1.6678063370976375,1.1256853242431133,-0.037492555108506014,-1.2774728866528935,-0.9418177252178219,-0.36295479850564666,-0.9038905883325032,-0.9214318891419643,-0.6656607597715944
EAM263,0.7054548642732998,0.9846815395231668,1.1960562652106534,1.5543993738369648,0.8459296036016611,-0.14454983200227475,-1.0060840587698956,-0.907884264579032,-0.6388618864313217,-0.46843687249144106,-1.4044492157708919,-0.7162555164009081
EAM262,0.1722380659127776,0.8915029617374094,0.7424218456645075,2.0182456796019013,0.7156474475600227,-0.2382498955589463,-0.40111428166196944,-1.2357150462443853,-0.3404362078512136,0.0632393328010249,-1.5961396361124576,-0.791640265848694
EAM261,0.7122976971705396,1.0401412336232947,0.06820781058852876,1.8978869759343808,1.101918553077316,-0.4304712013219183,-0.056461942389082025,-1.1142591487805198,-0.7522931217990128,-0.5823497375969725,-0.45299650552717463,-1.431620612979344
EAM260,0.8182534375419322,0.9842374013086564,0.3047929435665887,1.6741606446420594,1.2256686213329815,-0.4096506580505372,-0.08040721477083294,-1.3127124003116635,-0.7510494926161824,-0.5341386308755766,-0.5263843295379929,-1.3927703222294514
EAM256,-0.4270966303376758,1.9691880807271291,-0.4270966303376758,-0.4270966303376758,-0.4270966303376758,-0.4270966303376758,2.3017782226496615,-0.4270966303376758,-0.4270966303376758,-0.4270966303376758,-0.4270966303376758,-0.4270966303376758
EAM255,0.5405835991007268,0.616321976045349,1.1901858321257506,1.5888206622573535,0.8982121482238513,-0.6199725807526194,-1.2535756418431863,-0.6820534012629945,-0.8960143161315504,0.059577682090892155,-1.531297962509352,0.08921200265576315
EAM248,1.295544256193071,0.09544407305078927,-0.5894001153008527,1.4842009786951533,-0.16340106448970076,0.7145626935630014,-0.26117798948540283,-1.4166497006379442,-0.6441714218337173,1.377092645919775,-0.7902282392546827,-1.101816116419414
EAM244,-1.2468529992668418,-1.3692298387445678,-0.18284144183058015,-0.643654610510335,-1.1046228829156661,0.5554522919007048,-0.0758198711846575,1.142674996923109,1.8758503077104565,0.4374183567390433,-0.1332082496469644,0.7448339408263129
EAM240,0.9266567460990955,0.48378295381274283,1.5423632935283458,1.268265149456652,1.065409803044801,-0.6509087118765865,-0.6255923646443874,-0.8623651249762986,-0.48716387625294016,-0.274409188936191,-1.3758325778139766,-1.0102061014412569
EAM237,0.9341597079249774,0.43936859807226114,0.8084262458375248,1.1377281703522788,0.423322613386814,-0.11864848128728976,-1.511296256598784,0.323454320643065,0.7720234149093479,-0.6912745914798589,-2.020935889593256,-0.49632785216712266
EAM233,0.9326037737475448,0.6105739079061263,-0.5185114740862009,1.2062442660750086,1.1462527620694003,0.2520397778348755,0.20082061639612972,-1.9045415996497106,-0.038862420833819265,0.4105079016232746,-0.8484647461170407,-1.4486627649655908
EAM232,2.2900945653766422,-0.5884109150623729,1.634912347814033,-0.5884109150623729,-0.5884109150623729,0.33314046636176553,-0.5884109150623729,-0.5884109150623729,-0.5884109150623729,0.44913994094661785,-0.5884109150623729,-0.5884109150623729
EAM231,-0.7631897455052516,-0.7631897455052516,0.6871952194155825,2.146410534198949,1.25213692084801,0.2115604654564874,-0.7631897455052516,-0.7631897455052516,-0.7631897455052516,0.7628552625559112,-0.7631897455052516,-0.4810199294434426
EAM230,-0.3749353463713619,-1.5754910087483964,-1.1100218291295354,0.01209970869788192,-0.81916195059137,1.537596744209044,0.8730075995877306,0.15682934328348438,0.3178994204835918,1.6615506731847802,-0.0002723407102424752,-0.6791010138956232
EAM229,-0.09993590031296193,-1.774442678814466,-0.494739516378809,-1.1331832018186254,-1.435510295202382,1.2017007963485744,0.46692739978158115,0.6785563651502112,1.0766203714388245,0.8609900180695272,0.23810728596563993,0.4149093557729055
EAM228,0.9866289299983962,0.30987721522546063,0.37329467723895055,1.5661255970191945,0.8629312655763248,0.005114853605861775,0.3053954157898768,-1.8404453359726023,-0.8377995752412928,0.3578324691861916,-0.8192673345751608,-1.2696881778511853
EAM222,0.42375038233684953,-0.2080674228563587,1.0224026300452826,1.9571696872212982,0.33317217912211755,0.15731111380367602,-0.6996980396895432,-1.2860316517607742,0.5199026288263311,-0.20165727309039327,-1.807399789464757,-0.21085444449373844
EAM220,-0.9617893790611948,-0.9617893790611948,-0.9617893790611948,-0.9617893790611948,-0.9617893790611948,1.6230195771657654,0.6251411577634288,1.075650849803156,0.4756294192072688,1.0930920577491794,-0.6615592774997797,0.5779731111169513
EAM219,0.25300637433059286,-0.16246781834496435,0.34293990870906693,2.285176368606697,0.6451774767179768,-0.2579050976658718,-0.18916683636357418,-1.8757719088286398,-0.6401226187743895,0.5185913430420256,-0.9242095385688933,0.004752347140011162
EAM218,1.190718840093801,-0.04311061727750953,1.9594084768068933,0.47637132344731536,0.5532163478586828,-0.3160181806076009,-0.40076316079957697,-1.8036037933560118,-0.5439199352481692,0.4653592638743469,-0.7691883712952011,-0.7684701934969635
EAM217,0.6154610858216334,0.23942033373673569,1.3619830552583454,1.6178760845005122,0.08313563512896652,0.13764996181724992,-0.18804611462917625,-1.2536236051366896,-0.5807654709133229,0.3831960791950678,-0.48177486636037886,-1.934512178418954
EAM216,0.0,0.0,0.0,0.0,0.0,0.0,0.0,0.0,0.0,0.0,0.0,0.0
EAM215,-1.1497142421985636,-1.4205233404325857,0.8546277458534413,1.775986670340948,0.23498410293443125,0.5427792894211841,-0.9143712559877044,0.3910349958363576,0.7814155574627647,0.5635522978918961,-1.0861285699284604,-0.5736432511937272
EAM214,-0.35564157031791926,-1.4601452545050453,-0.43537261934744853,-0.5357820451826426,0.09391429465905424,1.0379617280560791,-0.3592205201496692,-1.7663442956658324,0.5182186802675738,0.925821299994596,1.3608625350983636,0.9757277670928803
EAM212,0.9011358878008227,0.902075987695595,0.7572065939111005,1.372595985029403,1.039800622279816,-0.8956958430764049,0.20659008554264613,-1.1664352117720362,-1.2617049351083165,0.13880888312952522,-0.8743367734671663,-1.120041281964996
EAM211,1.3008977421240735,0.47997660196416536,1.2227599166750032,1.2803137742414759,1.1653414799498631,-0.8688149777113026,-0.8688149777113026,-0.8688149777113026,-0.8688149777113026,-0.23639964868676075,-0.8688149777113026,-0.8688149777113026
EAM210,0.9160093779287749,0.9147710373411867,0.9583783166041085,1.4220484137567129,1.0603645092818936,-0.7150620817228872,-0.3082671987002199,-1.247690059024323,-1.0538986023567063,0.03094966939978673,-1.1088986150254387,-0.8687047674829166
EAM208,-0.9218106265797393,-1.0500920414225046,-0.35225864711025673,-0.35028011127403486,-1.8739619733787236,1.0751027636598747,-0.04921924965653976,1.6845488743654924,0.8402657794067084,0.11012898269152492,0.14294604343655765,0.7446302058616138
EAM207,-0.7057048215180113,-0.9956460068247572,0.9889229324899318,2.1573611279782265,1.2156718081785416,0.1941316396239111,-0.15060374879398566,-0.9956460068247572,-0.9956460068247572,-0.2743725643641492,0.08591997217324449,-0.5243883252934233
EAM206,-0.4700722148662671,0.07661649340251729,0.9230740566181542,1.926185960738508,1.1375274433771216,0.16862908025361523,-0.10289540467881668,-1.3928186950280668,-1.3677772948090974,-0.17336074017870798,-0.9847312251805551,0.25962254035161536
EAM205,0.7336833704258171,0.07292927883536537,-0.5460857727961451,1.4348080088618032,-0.2935987933723869,0.7530703561990972,-0.37593646236242795,-1.6203528668213538,0.6864703580132449,1.3451717099335854,-1.0852720594788607,-1.1048871274377081
EAM203,2.490600644506849,-0.4614322391679184,-0.4614322391679184,-0.0345999610494406,1.6968894690538259,-0.4614322391679184,-0.4614322391679184,-0.4614322391679184,-0.4614322391679184,-0.4614322391679184,-0.4614322391679184,-0.4614322391679184
EAM200,0.8909271409025266,0.11974708971981148,0.00047107431046292033,0.6581536216255156,1.9132840144243597,-0.910649452033931,-0.910649452033931,-0.910649452033931,-0.7339651806561025,1.378583267094301,-0.910649452033931,-0.5846032192851547
EAM195,2.900817486509114,-0.5902988047358118,-0.5902988047358118,0.6343965430345013,0.17942066320125485,-0.23548884756644145,-0.003845876783760953,-0.5902988047358118,-0.5902988047358118,0.06649286002020416,-0.5902988047358118,-0.5902988047358118
EAM194,2.6407595972342905,-0.49524662980831907,-0.49524662980831907,0.6173674083712309,1.1990926626693603,-0.49524662980831907,-0.49524662980831907,-0.49524662980831907,-0.49524662980831907,-0.49524662980831907,-0.49524662980831907,-0.49524662980831907
EAM193,-1.573995125161426,-0.7669835959966047,-0.40546178952816503,0.9196342025877515,-1.467764821922041,1.5470947408559328,0.7282260707828404,1.2010598123084957,-0.27237143239453665,0.19175094030055684,0.3284710344469207,-0.4296600362797334
EAM190,0.42743454808279113,0.5820249333551123,0.9986912580362998,1.5383808473330558,0.6803648730957744,-0.27431926190657824,0.5197757514992729,-1.6322954897853872,-1.1835703447487433,0.27559768112320737,-0.5796647748013348,-1.3524200212834614
EAM187,-0.42435627484586436,0.3436218560303171,0.9470332445758856,1.6211675306519644,0.09586503871990613,0.2466045478794858,-1.015300485942145,-1.4550518359715983,0.6947429081930085,0.7922135682510816,-1.6794610300587942,-0.16707906748327142
EAM185,-0.27201402419417886,0.47354041316058665,0.6992090802621652,1.6747615596269292,0.4203251799112165,0.1576764354668566,-0.8131858877471181,-1.428678687227994,0.6214607225317248,0.7313186108329718,-1.8461025846484944,-0.4183108179746556
EAM181,-0.2640225297876405,0.22351994389286148,1.8285089502528789,1.3952967229062745,-1.0914354166245477,0.8550579952628226,-0.504832155455551,-1.5016083515408354,0.21759672154818774,0.07482663813693038,-1.0317946950850825,-0.20111382350628368
EAM179,0.12439972315874592,-0.7838913365794397,0.6528746848241367,1.7105280690023943,0.5113383623122214,0.9537273027678926,-0.7194719094719432,-1.4067355709335667,-0.24078438928657547,1.164114855726396,-0.9363313022272158,-1.029768489293046
EAM177,0.6591798158382864,0.3501857547670525,1.6229827894033726,1.7773295309987802,0.14609337396222083,0.01609344068079238,-0.6878599552616476,-1.1602180943408729,-0.33483123470895987,-0.06851923265729375,-1.1602180943408729,-1.1602180943408729
EAM175,0.3802038108233393,0.16053150691656892,0.6179929500461052,1.8896979239442997,0.42185588332929264,0.006561109531730049,-0.22909396638313642,-1.586191742998843,-0.14043196030032878,0.9808291179913272,-1.34760043813552,-1.15435419476487
EAM168,-1.086776934190245,-0.8420183034142827,0.5215282241003018,0.3796189454276071,-2.0788737054650404,1.5605476344357738,0.64314663182784,-0.1814236362059983,0.39369573714580997,1.0398331588056684,0.1360016761423098,-0.4852794286097324
EAM161,-1.5591853810916019,-0.5860948054172107,0.4540506727611983,1.2825441837942322,-0.12052403684667176,1.4366751208295259,-0.28832019097994516,-0.6264548652182051,0.9116765476701227,1.0321211355801785,-1.124440799928124,-0.8120475811534903
EAM160,0.49020775699398594,0.1561458926186025,1.6333001873420168,2.029080226074144,-0.5287952222664133,0.05997656802568953,-0.19114129483322684,-1.114954603061932,-0.34608983309923025,-0.06460270984255281,-1.1316087136026391,-0.9915182543484443
EAM155,-1.222987773196021,-1.3066245960052185,-0.8401123081703153,-0.9857766721068294,-1.0907152287687276,1.0901441969806298,0.6830210136332329,1.0842630191945501,0.7803410170529796,0.9087880981313464,0.0894483077392495,0.8102109255151253
EAM153,0.26331943759147725,0.46927234897286724,0.7327334323080728,2.178653184289676,-0.8061059275594904,0.6273489989739945,-0.2868326310504263,-1.8928120734453477,-0.17181628714279518,0.057083234722630716,-0.5998697246906438,-0.5709739929700053
EAM147,-0.5760626611925774,0.30595969393375216,1.0339309270493438,1.8536953804527132,-0.9005261967931362,0.9533993749913134,0.17485687699495484,-1.3505679573707254,-0.6799674869349984,0.7585512661860035,-1.117897642057948,-0.4553715752586463
EAM137,0.0,0.0,0.0,0.0,0.0,0.0,0.0,0.0,0.0,0.0,0.0,0.0
EAM133,-0.5226056128139982,-0.5226056128139982,-0.5226056128139982,-0.5226056128139982,-0.5226056128139982,1.781837819377886,-0.5226056128139982,-0.5226056128139982,2.202120712454411,0.7194919834936927,-0.5226056128139982,-0.5226056128139982
EAM311,0.8558299646896347,0.6193067508726103,1.6611988210735282,1.4573711721738793,0.3022598484161531,-0.2663768416672214,-0.48168587965995424,-1.3746168241273176,-0.5515639891402823,-0.029600685370174858,-1.1623650908930876,-1.0297572463677842
EAM312,0.0,0.0,0.0,0.0,0.0,0.0,0.0,0.0,0.0,0.0,0.0,0.0
EAM313,-0.04790726452972196,-0.16451108843423784,1.0711310880480132,2.063090568710899,1.1888375485851959,-0.9775677754469321,-0.9775677754469321,-0.9775677754469321,-0.4338300859631082,-0.12371353302556522,-0.9775677754469321,0.35717386839624965
EAM314,1.6384411879733058,0.9447290969268473,-0.03420573453689383,1.0431624338405736,1.1047057633186257,-0.30233310565472227,-0.05939891034662454,-1.5774677041385625,-1.337952582690355,-0.28937661523828856,-0.6580967383392469,-0.4722070911146076
EAM315,-1.0831045801312111,-1.3356160508621036,-1.3356160508621036,-0.4822088736342692,-0.2575037255731476,1.324772658624087,0.6374518951805602,1.0205135140444321,0.43529241414898256,1.2498351558306506,-0.7907624309814568,0.6169460742155941
EAM316,0.0,0.0,0.0,0.0,0.0,0.0,0.0,0.0,0.0,0.0,0.0,0.0
EAM317,0.0,0.0,0.0,0.0,0.0,0.0,0.0,0.0,0.0,0.0,0.0,0.0
EAM318,0.0,0.0,0.0,0.0,0.0,0.0,0.0,0.0,0.0,0.0,0.0,0.0
EAM319,-0.3029993784806956,3.172024743469767,-0.3029993784806956,-0.3029993784806956,-0.3029993784806956,-0.14203095866282592,-0.3029993784806956,-0.3029993784806956,-0.3029993784806956,-0.3029993784806956,-0.3029993784806956,-0.3029993784806956
EAM320,-0.18191882612258267,0.5586519900929013,0.9981228420593607,1.7245700025758763,1.4064807133556263,-0.9495088097621812,-0.9495088097621812,-0.9495088097621812,-0.17004676770895727,0.41168409455870697,-0.9495088097621812,-0.9495088097621812
EAM321,-1.0989788066127404,-1.0896282516405105,0.005425630662897658,0.4010926327285665,-1.8420016100542191,1.2471446992899908,-0.4536173551034427,1.244201006057993,1.2078377367215407,0.4826502510974642,-0.20149868770404983,0.09737275455649597
EAM291,0.3626003169639143,-0.48074330728146536,0.8185766033629637,1.9996523305503828,-0.4529657905001651,0.4444149702159403,0.10683465698308936,-1.1279746272566813,-0.592156953825042,1.177711055300431,-1.1279746272566813,-1.1279746272566813
EAM290,-0.5162260669891257,-0.5162260669891257,-0.5162260669891257,-0.5162260669891257,-0.5162260669891257,1.645684182614217,-0.5162260669891257,0.6658287357459127,-0.5162260669891257,2.334521684542001,-0.5162260669891257,-0.5162260669891257
EAM322,-1.3139327879027998,-1.1664493994606766,-0.3368090344893819,0.08286713157334236,-1.560774593217199,1.1183754304823024,-0.27333496723477824,1.6996439123951772,0.795770617716584,0.3406610723186301,-0.012851310876315384,0.6268339286951323
EAM323,0.6306810253095603,1.0962359438901632,0.145760261530094,1.3528979455923964,1.0820343240776664,0.28183760046075285,-0.026983077643740017,-0.8060064771765674,-1.6198883980673426,0.24697907910280498,-0.9441495062617734,-1.4393987208139642
EAM324,0.2753916603553805,-0.8412707194200936,0.28584255613887,2.023541500503031,0.44355607432610755,0.7247801790455096,-0.34406143517519977,-0.15531192344911102,-0.8504548399571022,0.9990370199092556,-0.9850497098960052,-1.5760003623807015
EAM325,0.5827638325011123,1.4456342935164006,0.38981310519460993,1.6680035173629084,1.0599491513779542,-0.17476245340401492,-1.1310799034287315,-0.8005544423027926,-0.3551670571861019,-1.0421754763850402,-0.8438169372145635,-0.7986076300317636
EAM326,0.8678619043153891,0.9492551669180421,-0.39123694017901145,1.297798095118355,0.8166790244578928,-0.7819745351886738,-1.7674322268839735,-0.7532621879515423,0.48336612392249334,0.8838409497343129,-0.4588982106247718,-1.1459971636385724
EAM327,0.22241735581867933,0.7965617938238378,-1.0204827511119026,-1.3973084116720955,-1.2066980100136553,0.7364177350481168,1.0866412157652043,1.2747070610908233,0.15116977849974936,1.0193261345969897,-0.6392619477950203,-1.0234899540506879
EAM328,1.0891784569462233,0.7463588430543807,1.4924685996466203,1.3554327244759043,-0.2170309505115641,-0.3984425369372274,-0.7711525262857696,-0.30578237302145717,-0.8102399403445318,0.4419368653261434,-1.3696498133149226,-1.253077349033793
EAM329,-0.6785764099804886,0.4019502007374382,0.07764137620832691,2.123552394826868,0.00825437189047126,-0.1430897462231146,-0.013869020790586498,0.4612811174729969,-0.7590251106388731,1.1073847446356462,-0.8007578741054111,-1.7847460440332736
EAM330,1.0732520302518862,1.028700886413051,-1.0932813260113614,1.3997108321633314,1.1005817235311666,-0.3119516017118289,0.05381703299858775,-1.558260491119174,0.2503661969934395,-0.5373279764259248,-0.17530313531540798,-1.2303041717677716
EAM331,0.2374938772793838,0.7040595988450241,1.7066541813531726,1.7191754339447132,-0.48158377154894405,0.4539326720759679,-0.8773447909600549,-0.8071065264227614,-0.6855013137539928,-0.17093745725411888,-0.35011061933779436,-1.448731284220574
EAM332,-1.5097931683345545,-0.5853707447967085,-0.908815998655165,-0.4389808008652508,-1.3899271658934111,1.1218185595432804,-0.04194055108317316,0.5421226644237204,1.1158887926380634,1.2710980882999772,-0.1680845765811081,0.9919849013043216
EAM333,1.0401773259081353,0.19075167451351646,-0.1369137487517274,0.95855083688523,0.23040545185135103,0.43354410066972005,-2.1717786384562783,-0.11070979062789602,0.9689860414478136,0.7094972879914762,-1.4438651468571229,-0.6686453945742389
EAM334,1.3728874884908726,0.9296819594747044,-0.3385234841075174,1.6543334523767268,1.0349955374189945,-0.32127609913401406,-0.5400042994798468,-1.529638343338466,-0.353157628933526,-0.38530048274778733,-0.4798997760873205,-1.044098323932783
EAM335,0.3723100879295502,0.84804977892429,1.3387475430254572,1.7466286584642012,0.4306830561497638,-0.4248457593277431,-0.37376941213505865,-0.8881811945756906,-0.5485234857443174,0.18551658962486153,-1.5171499271484903,-1.1694659351868435
EAM336,0.7477332409643008,0.8538533948459112,1.298211404101847,1.5245301900819064,0.5835111752656026,-0.8871260149413303,-0.5221326077155537,-0.8993842780111401,-1.0381716559473813,0.42578872737067475,-1.2119297160446694,-0.8748838599701668
EAM337,0.45961939815160074,0.7088641439965364,1.8320221353756625,0.5390993538435203,1.3121060196858971,-0.4516530892285618,-1.0492178252256412,-0.48699786215146657,-0.7745175175346753,0.12192115323017391,-1.5032058670695774,-0.7080400430734621
EAM338,0.18405761018645087,1.208934228693636,1.5454851166882708,0.21978315680108007,0.26423710400905753,0.3811570747478449,-0.5127935348591358,-0.3934377313966222,-0.5316712384680018,0.8250875886466792,-1.159101150887433,-2.0317382241618214
EAM339,-0.6496467987927415,0.23262224053503125,0.15267049754940284,1.0906257703185294,-0.2996634880579942,1.071337801193593,-0.033365075623376136,0.762108102642177,-1.2973492458591833,1.3513244497813908,-0.43250159799909393,-1.9481626556877074
EAM340,1.050817310155846,-0.012792558558416982,0.1929326688708519,1.6826130593675583,-0.5589564872158148,-0.24828006508278325,0.33286759514253544,-0.5391149678190832,-0.32503541643329675,0.26159476888848837,0.5633947218177189,-2.400040629133583
EAM341,0.8494159097615707,0.7986192812585644,1.2018050698471425,1.2890557493934873,1.1308889924076517,-0.8212951618255925,-0.3282690616493387,-0.742410985797392,-1.2515724856157753,0.0362714487840115,-0.9908164593003377,-1.1716922972639887
EAM342,-0.3064782803931972,-0.3064782803931972,-0.3064782803931972,-0.3064782803931972,3.170112962371437,-0.3064782803931972,-0.3064782803931972,-0.3064782803931972,-0.3064782803931972,-0.10533015843944665,-0.3064782803931972,-0.3064782803931972
EAM343,1.4234939014041421,1.236746148422504,-0.3427632076784805,1.2322997733515135,0.9877491444469879,-0.3137309939796526,-0.12175221150273338,-1.462203519669246,-0.6827801248719387,0.010331283253184935,-0.6840878822457567,-1.283302310930534
EAM344,-1.4028419027811765,-0.7921177017854284,0.5058787852139633,-0.3532530842672758,-0.12493721249752336,0.9827683733759511,-0.6278963220179467,0.8029384903747564,0.2656074641588128,2.203552583740481,-0.6526374601224507,-0.8070620133921764
EAM345,0.33768538051353264,0.7252453651582784,0.36095688074624127,-0.6653759500296802,-1.2620810842017292,1.5322890591259744,-0.2303779072182585,0.5068512860513089,-0.2870648949646008,1.5060340332224045,-1.2620810842017292,-1.2620810842017292
EAM346,0.6937443776520569,-0.23227516914018947,-1.4367168059238138,1.3940011432239319,1.3847577539183848,0.2794724751397358,-0.07513755094586122,-0.9776284704148926,-1.4944179634069386,1.0463936847940547,-0.2549634883447176,-0.32722998655173585
EAM347,-0.8856038576466997,-0.8856038576466997,-0.8379397171256412,-0.8856038576466997,-0.8856038576466997,1.144455218182067,-0.8856038576466997,1.6217156382046263,0.48675198047263923,1.3431589728218107,0.04229934548405946,0.6275778501939535
EAM348,1.9415756792702037,-0.7966034186479335,-0.8772259220762733,0.6954105645506495,1.301572349585955,0.03350976479944171,-0.17153018219115612,-1.6535907699047552,0.12707168235826138,0.2967770753771724,-0.01426653352846827,-0.8827002895930175
EAM349,0.5966859567594593,0.8153869399375925,0.6442969672566451,1.7610267663166743,0.4190156005138618,0.07915814346890099,-1.0727960617313237,-1.096795107672994,-0.11941460762911944,0.5703644225008515,-1.6267095253205428,-0.9702194943999849
EAM350,-0.659840162323127,-0.659840162323127,-0.659840162323127,-0.659840162323127,-0.3429366014934212,2.0229949606476483,-0.659840162323127,1.7272183038732571,-0.659840162323127,0.4942521832051454,-0.659840162323127,0.7173522900292592
EAM351,0.5041028078899468,0.7305318598911834,0.11906661333123898,1.6824417306275208,1.221039134096695,-0.4240426930019195,0.17807701485514651,-1.6523134939520303,-1.0112095389343772,0.45790914515856074,-0.7124193158336861,-1.0931832641282202
EAM352,0.5629266455261988,0.677206957857141,0.5613539806776068,1.9704616850151122,0.6997484873536125,-0.9114466500278287,-0.1505389741179007,-1.0220574110453937,-0.8574518235595391,0.6405114447233536,-0.8231153076986373,-1.3475990347037232
EAM353,0.6723229646852382,1.1153363703761467,1.07984864739301,0.7371338766121895,-0.06992025545504095,-0.2853457287752173,0.05353703435953682,-0.6525520266852449,-0.4064704921965367,0.6421667306009747,-0.361985881696547,-2.5240712392185225
EAM354,0.0,0.0,0.0,0.0,0.0,0.0,0.0,0.0,0.0,0.0,0.0,0.0
EAM355,1.0653125464600357,0.9015735187688911,1.091038641383782,0.8089595770433992,0.40763249623294157,-0.460093552548039,-1.7557807568840622,0.0559416456283022,0.05382302604634879,-0.3526492737488596,-1.8998468884570472,0.0840890200742861
EAM356,-0.5792378130856396,-1.554546835417155,-1.4312548080743348,-1.3233742841493668,0.39221833339141327,0.8613391831193219,0.1251741793406911,1.3162442495221436,0.6067836611485853,1.0529201135378004,-0.03717803769909998,0.5709120583656524
EAM357,0.8466687802305739,0.9859149884165394,0.2416192664885082,1.425141352714811,1.0622530111783892,-0.8070389795251943,-0.00930664166386752,-0.9096712101272357,-1.721681585579204,0.535237920703992,-0.7801793048497286,-0.8689575979875834
EAM358,-0.4984639468633876,-0.5110791927606433,-0.5110791927606433,0.8903452392871345,2.5681729436222342,-0.5110791927606433,-0.5110791927606433,-0.5110791927606433,-0.5110791927606433,1.1285793060391678,-0.5110791927606433,-0.5110791927606433
EAM359,0.31349828479826103,0.6207683818523497,0.0329121698567646,2.2616600091656314,1.0574153618765803,-0.3517530268312489,-0.6994533998135074,-0.5921398959927371,-1.1012148274654328,0.16737171608644807,-1.4101021355566477,-0.29896263797646744
EAM360,-0.4692595548843003,1.2488696365189444,0.1197791734618738,0.7007529699290691,1.2661943049997137,0.05525971843004036,-1.118934622913171,-0.6269737782954479,-1.4227137236880496,1.5589214620885834,-0.9283632696247035,-0.3835323160225606
EAM361,0.353408484926669,0.5473681478530498,-0.23913557385494683,0.6178660682083971,1.5513308392725413,-0.7875732414398835,0.7427739219662068,-0.481720725436682,-2.3170165853542373,0.7753114236686747,-0.20045209960867927,-0.5621606602011178
EAM362,0.0643731208847291,0.11802388668568815,-0.1979541700374048,2.3527966284355344,1.1777824727831279,-0.0179745661586046,-0.5616564544787926,-1.095044881918563,-1.2583366022488092,-0.2583112815634834,-0.7952868241585519,0.4715886717751506
EAM363,0.5882570295450391,-0.5542634165651099,-1.219337635195212,1.951072840264403,-1.0229145819599998,0.19164161075240144,-1.0660522674253023,0.5438629066389989,0.7603889589260004,1.0770111939917184,-0.722207221143617,-0.5274594178293872
EAM364,1.0251081460258262,0.6169039246039323,1.0644718029131301,1.388524584611377,0.9398718811123697,-0.5478883791952172,-0.6726432760230926,-0.11845257905851694,-1.1938242922120936,0.11230523631627481,-1.3399657427818916,-1.2744113063120888
EAM365,1.144636309336168,0.4390071793247926,-0.15706120341395444,1.5680781402048265,1.2207335684550418,-0.7967286500453344,-0.8543244613868923,-0.37586093365004,-0.6973034785115841,0.8426605051794526,-1.3879705681465206,-0.94586640734596
EAM366,0.12486585115856576,-1.1978582385741996,-0.6941251711996854,-0.04531070663116388,-0.3412244753223673,0.8319742825275617,0.07859664881020491,2.331932943967603,-0.24215087255384704,0.9433340576710717,-1.2571978370661645,-0.5328364827876093
EAM367,0.766149845583715,0.6894085969645594,0.7953066059982498,1.9066214432589985,0.7603348737032878,-0.5978296149322038,-0.607084429333447,-1.1190476578482185,-1.1190476578482185,0.3742535012478992,-1.0014378040412735,-0.8476277027533607
EAM368,0.4881876266552854,0.838329895444947,-0.337564557240333,2.3293523900409285,0.3722693149423458,0.012312452254791505,-0.0418004438308847,-1.0505815409574653,-0.4542786468368884,0.13406646844755943,-0.682666899433782,-1.6076260594864757
EAM369,0.0,0.0,0.0,0.0,0.0,0.0,0.0,0.0,0.0,0.0,0.0,0.0
EAM370,-0.3893493186778728,0.017208809665318445,-0.4452779500901625,0.9040002827313587,-0.8502227525272338,1.2879718483888218,-0.8754981917231714,0.2796431570614534,0.9298134972293364,1.6278458392788995,-1.2175232838214138,-1.268611937515334
EAM371,-1.6978743144022883,0.20906175286239176,0.19803757438129044,0.551798525640539,-2.315146039355345,0.8877068893594959,0.3949096572564957,0.1755778674757611,0.6211521260850853,0.8851565197108828,0.37779749961418824,-0.2881780586285145
EAM372,1.0838420636937294,0.5106371085638421,1.1260082775129134,0.18276285201830225,-1.142278473148197,0.6151582082732143,-0.1034562963301031,-1.6490396974114907,0.51242597824102,1.0720866343865607,-1.0978122840297855,-1.1103343717700263
EAM373,1.1870319125885402,-0.32548871703232146,-1.2065962904279188,0.8635801646775103,1.2232710143975514,-0.03571801668496305,-0.8008604642917205,-0.22160329184648678,-0.4745664338858678,1.7262129018567471,-0.8739071244087105,-1.0613556549423866
EAM374,0.0,0.0,0.0,0.0,0.0,0.0,0.0,0.0,0.0,0.0,0.0,0.0
EAM375,0.7301043058416151,0.8180264818709679,1.4201938752224668,1.3801547484554388,0.5387477189974377,-0.921802356973523,-0.36833752717490054,-0.9045925568719054,-0.9944464451575619,0.519313522964318,-1.2891203693464848,-0.9282413978278699
EAM376,0.6067308108158865,1.4579848511336237,0.605795880513508,2.258752655122798,-0.6161580246982239,-0.6161580246982239,-0.6161580246982239,-0.6161580246982239,-0.6161580246982239,-0.6161580246982239,-0.6161580246982239,-0.6161580246982239
EAM377,0.04101635368164798,1.1654372173083838,0.9021559127293926,1.6059091697920866,0.404600845536087,-0.21830408171341156,-0.09726457929855734,-1.3355021838870968,-1.5846874540173896,0.6262930236837948,-0.43871480218396597,-1.070939421630951
EAM378,1.1958378596792565,1.0932122692942348,1.1975341504294208,0.7870317888893414,0.30726422171750006,-0.21858591083384107,-0.7370854501344641,-0.559257636492102,-0.461155488107524,0.4850920353598622,-1.319761322816354,-1.7701265169853255
EAM379,-0.7892660612167183,-1.242923413674875,-0.32031151668410357,-1.242923413674875,-1.242923413674875,1.3252520515756032,0.47354901367997776,1.055639041263274,0.7340793161980972,0.8612372253170321,-0.576698829682057,0.9652900005735038
EAM380,0.8170160749138781,0.4547803218837533,0.6380256597517752,1.641620095319974,0.7038351309365729,-0.03169917415905694,-0.02205468269232133,-1.3739854571179955,-0.9969993053740328,0.5279649924254712,-0.638451152022363,-1.7200525038656502
EAM381,-1.0228865410047998,0.8543227470848592,1.2135514008625023,1.6794867636209592,0.23143528325268328,0.5582893287230379,0.2267733396564312,-0.49246095849822813,-0.8107681073754608,0.21693145873101624,-1.1803566358114388,-1.4743180792415942
EAM382,-0.34950551654392453,0.39276678569267354,-0.34950551654392453,-0.34950551654392453,-0.34950551654392453,-0.34950551654392453,3.102288379746521,-0.34950551654392453,-0.34950551654392453,-0.34950551654392453,-0.34950551654392453,-0.34950551654392453
EAM383,-0.540744560251756,-0.540744560251756,-0.540744560251756,2.183925852621525,1.3509895787092858,-0.540744560251756,-0.540744560251756,-0.540744560251756,-0.540744560251756,-0.540744560251756,-0.540744560251756,1.3317856109349833
EAM384,0.5734274142616289,0.539223363115202,1.2009475481435614,1.1548962837508865,1.290565983828892,-0.39747081967688985,-0.8459451662727776,-1.65098241476382,-0.8528241933189873,0.38368091823703665,-1.1933360321063198,-0.2021828851984082
EAM385,-0.3605958932818827,-0.3605958932818827,0.5384170707771514,3.067541862041685,-0.3605958932818827,-0.3605958932818827,-0.3605958932818827,-0.3605958932818827,-0.3605958932818827,-0.3605958932818827,-0.3605958932818827,-0.3605958932818827
EAM386,0.0,0.0,0.0,0.0,0.0,0.0,0.0,0.0,0.0,0.0,0.0,0.0
EAM387,1.5557382622588916,1.3225702874494973,0.07283929019067387,0.3232789668378018,0.9432096935135761,0.08455937358056419,-0.0005654426196900212,-1.3523845346693972,-0.9708649780037615,0.3226621203435985,-0.7626792862096563,-1.5383637526721283
EAM388,0.3253055312689648,-0.359108869519969,-0.981328797217511,-0.7939197875925545,-1.8743423599678495,1.2551954630203979,0.40758936956244884,0.6068318408817851,-0.3214069101681056,1.8430157927691566,0.09276424913521092,-0.2005955221719892
EAM389,0.0,0.0,0.0,0.0,0.0,0.0,0.0,0.0,0.0,0.0,0.0,0.0
EAM390,0.0,0.0,0.0,0.0,0.0,0.0,0.0,0.0,0.0,0.0,0.0,0.0
EAM391,0.0,0.0,0.0,0.0,0.0,0.0,0.0,0.0,0.0,0.0,0.0,0.0
EAM392,0.30669761401037754,-0.13585043103992245,-0.08463567211719003,1.684024442646158,-1.221209360517888,1.51221424711476,-0.4851613508719132,-1.4504938966181344,0.07163500254449026,0.805275480788116,0.11956676410038444,-1.1220628400392614
EAM393,1.2093054750037322,1.8942800395460189,-0.34430118379922453,-0.9309849592885214,-0.9309849592885214,1.0637398773750846,0.2923782525578542,-0.9309849592885214,0.5290924019726638,0.010429933786475222,-0.9309849592885214,-0.9309849592885214
EAM289,0.0,0.0,0.0,0.0,0.0,0.0,0.0,0.0,0.0,0.0,0.0,0.0
EAM283,0.0,0.0,0.0,0.0,0.0,0.0,0.0,0.0,0.0,0.0,0.0,0.0
